alias,state
andhra pradesh,Andhra Pradesh
ap,Andhra Pradesh
ar,Arunachal Pradesh
arunachal pradesh,Arunachal Pradesh
as,Assam
assam,Assam
bengaluru karnataka,Karnataka
bihar,Bihar
br,Bihar
cg,Chhattisgarh
ch,Chandigarh
chandigarh,Chandigarh
chattisgarh,Chhattisgarh
chhattisgarh,Chhattisgarh
delhi,Delhi
dl,Delhi
ga,Goa
gj,Gujarat
goa,Goa
gujarat,Gujarat
gujrat,Gujarat
haryana,Haryana
himachal pradesh,Himachal Pradesh
hp,Himachal Pradesh
hr,Haryana
j&k,Jammu and Kashmir
jammu & kashmir,Jammu and Kashmir
jammu and kashmir,Jammu and Kashmir
jh,Jharkhand
jharkhand,Jharkhand
jk,Jammu and Kashmir
ka,Karnataka
karnataka,Karnataka
karnatka,Karnataka
kerala,Kerala
kl,Kerala
la,Ladakh
ladakh,Ladakh
madhya pradesh,Madhya Pradesh
maharashtra,Maharashtra
maharastra,Maharashtra
manipur,Manipur
meghalaya,Meghalaya
mh,Maharashtra
mizoram,Mizoram
ml,Meghalaya
mn,Manipur
mp,Madhya Pradesh
mz,Mizoram
nagaland,Nagaland
nct of delhi,Delhi
new delhi,Delhi
nl,Nagaland
od,Odisha
odisha,Odisha
orissa,Odisha
pb,Punjab
pondicherry,Puducherry
puducherry,Puducherry
punjab,Punjab
py,Puducherry
rajasthan,Rajasthan
rj,Rajasthan
sikkim,Sikkim
sk,Sikkim
tamil nadu,Tamil Nadu
tamilnadu,Tamil Nadu
telangana,Telangana
telengana,Telangana
tn,Tamil Nadu
tr,Tripura
tripura,Tripura
ts,Telangana
u.p.,Uttar Pradesh
uk,Uttarakhand
up,Uttar Pradesh
uttar pradesh,Uttar Pradesh
uttarakhand,Uttarakhand
uttarpradesh,Uttar Pradesh
w.b.,West Bengal
wb,West Bengal
west bengal,West Bengal
westbengal,West Bengal
